0;nom0;prenom0;21/10/2011
1;nom1;prenom1;21/10/2011
2;nom2;prenom2;21/10/2011
3;nom3;prenom3;21/10/2011
4;nom4;prenom4;21/10/2011
5;nom5;prenom5;21/10/2011
6;nom6;prenom6;21/10/2011
7;nom7;prenom7;21/10/2011
8;nom8;prenom8;21/10/2011
9;nom9;prenom9;21/10/2011
10;nom10;prenom10;21/10/2011
11;nom11;prenom11;21/10/2011
12;nom12;prenom12;21/10/2011
13;nom13;prenom13;21/10/2011
14;nom14;prenom14;21/10/2011
15;nom15;prenom15;21/10/2011
16;nom16;prenom16;21/10/2015
17;nom17;prenom17;21/10/2011
18;nom18;prenom18;21/10/2013
19;nom19;prenom19;21/10/2011
20;nom20;prenom20;21/10/2011
21;nom21;prenom21;21/10/2011
22;nom22;prenom22;21/10/2011
23;nom23;prenom23;21/10/2011
24;nom24;prenom24;21/10/2011
25;nom25;prenom25;21/10/2011
26;nom26;prenom26;21/10/2011
27;nom27;prenom27;21/10/2011
28;nom28;prenom28;21/10/2011
29;nom29;prenom29;21/10/2011
30;nom30;prenom30;21/10/2011
31;nom31;prenom31;21/10/2011
32;nom32;prenom32;21/10/2011
33;nom33;prenom33;21/10/2011
34;nom34;prenom34;21/10/2011
35;nom35;prenom35;21/10/2011
36;nom36;prenom36;21/10/2011
37;nom37;prenom37;21/10/2011
38;nom38;prenom38;21/10/2011
39;nom39;prenom39;21/10/2011
40;nom40;prenom40;21/10/2011
41;nom41;prenom41;21/10/2011
42;nom42;prenom42;21/10/2011
43;nom43;prenom43;21/10/2011
44;nom44;prenom44;21/10/2011
45;nom45;prenom45;21/10/2011
46;nom46;prenom46;21/10/2011
47;nom47;prenom47;21/10/2011
48;nom48;prenom48;21/10/2011
49;nom49;prenom49;21/10/2011
